"Week (From Mon)","Sales","Amazon_Ads_impression","Amazon_Ads_spend","Google_impression","Google_spend","Meta_impression","Meta_spend","OOH_impression","OOH_spend","TikTok_impression","TikTok_spend","TV_impression","TV_spend","GQV"
"2023-01-02","1082453.06","4371578.0","36386.0","4925927.0","25488.19","4461488.0","26667.61","6226415.0","87920.42","2542237.0","14618.34","4300444.0","89325.82","103.830439"
"2023-01-09","1083482.937","4126034.0","34947.13","5041762.0","25110.57","9500454.0","53133.63","3912410.0","57428.18","4370745.0","26677.19","3905621.0","78495.93","108.478379"
"2023-01-16","1116496.761","6753717.0","53827.64","6624217.0","31531.69","2921373.0","19050.02","5246861.0","70509.16","1774488.0","11525.48","4620317.0","94317.45","101.047164"
"2023-01-23","1162042.829","5792595.0","59778.61","3353715.0","17302.93","3682400.0","23365.99","4025930.0","54002.43","4939170.0","28779.79","4973271.0","116036.83","105.313304"
"2023-01-30","1163560.751","13181520.0","128290.94","6689240.0","31372.13","2400169.0","16352.74","5050752.0","75056.57","1669392.0","11576.45","3483867.0","76998.73","108.615268"
"2023-02-06","1161372.509","9094152.0","81408.31","6363942.0","32710.77","4373021.0","24460.37","4207152.0","57705.84","3351860.0","20465.21","4362779.0","87211.51","118.529896"
"2023-02-13","1231885.877","7391504.0","68139.73","11528686.0","59884.56","7043241.0","40616.59","7227599.0","98796.68","2285380.0","13942.8","3908609.0","85046.79","116.300684"
"2023-02-20","1177642.492","4785320.0","41448.4","7377082.0","34303.66","3363165.0","20247.53","6341684.0","84441.46","5688586.0","32430.28","5421179.0","115903.85","110.529993"
"2023-02-27","1177815.658","4374253.0","40052.33","14463745.0","73055.56","8416331.0","49815.46","5785098.0","82558.53","1998463.0","11215.42","5989761.0","141837.77","114.888956"
"2023-03-06","1185917.9","4593146.0","39916.3","8237307.0","46506.46","7854527.0","47023.69","6070745.0","78050.64","3801155.0","22744.93","3634007.0","86418.3","112.96555"
"2023-03-13","1147891.314","8296559.0","74003.45","3978262.0","20187.5","3233916.0","20090.4","4071983.0","56308.72","5124159.0","31664.02","3701373.0","79417.41","108.122168"
"2023-03-20","1164815.246","8778655.0","78156.44","5425140.0","26167.24","5172207.0","28568.02","5465929.0","72562.61","3631685.0","20731.35","5267764.0","114202.59","108.949694"
"2023-03-27","1176520.317","8012522.0","76702.05","8057465.0","40988.25","6990504.0","47229.74","2767674.0","39739.0","2601377.0","15914.57","2356962.0","62084.15","107.853092"
"2023-04-03","1088580.969","4789387.0","40469.06","5442026.0","27755.13","1702661.0","11541.87","3200525.0","43313.89","2381422.0","14545.34","5026853.0","122531.17","111.355793"
"2023-04-10","1083653.606","4150576.0","34126.96","6911960.0","35938.96","2845962.0","15080.01","4552746.0","61192.47","2836027.0","19350.47","3437360.0","80376.39","111.828667"
"2023-04-17","1133024.335","6692338.0","57989.98","7331326.0","39041.36","9456212.0","56753.08","6942255.0","91454.51","4376770.0","27731.24","4292799.0","89758.16","103.374709"
"2023-04-24","1132460.669","8747246.0","66400.95","8831470.0","47747.64","5749042.0","34948.05","9505170.0","123072.84","4499684.0","26084.29","3854870.0","86133.36","113.983781"
"2023-05-01","1132920.927","6845440.0","60589.54","4630305.0","21990.81","3830470.0","21395.35","4973720.0","72708.1","1746293.0","11630.13","4473185.0","96664.59","108.950651"
"2023-05-08","1100182.879","8716337.0","73885.73","2085437.0","10064.34","2515790.0","15264.01","5559734.0","77367.32","6848994.0","42820.01","7637601.0","171298.06","107.108469"
"2023-05-15","1084306.613","7901822.0","75183.66","6607818.0","32293.52","3100240.0","18313.24","2447395.0","36513.92","3167861.0","19644.03","10730837.0","223486.91","105.317181"
"2023-05-22","1182086.361","8645052.0","87434.3","5711413.0","29606.07","2375644.0","14046.37","4611616.0","60624.01","1734212.0","10546.37","11771720.0","251612.45","111.77516"
"2023-05-29","1073585.943","7416444.0","74190.24","5851010.0","29224.59","3414630.0","22184.82","3929340.0","52326.65","4290690.0","26274.25","5791872.0","126107.35","103.394772"
"2023-06-05","1040347.806","3449812.0","32006.45","6573655.0","34322.93","6854068.0","42765.21","3530321.0","47361.97","3989887.0","22857.57","3911534.0","83972.64","102.114604"
"2023-06-12","1013171.946","4217112.0","44402.35","9056663.0","50555.38","5930159.0","32985.76","5853154.0","79615.59","3498302.0","21988.09","7322936.0","148701.93","104.38573"
"2023-06-19","1018601.651","5612978.0","52102.58","5160175.0","26017.11","10925091.0","63025.6","4883766.0","62697.68","3432246.0","21246.4","6191548.0","131613.56","100.185353"
"2023-06-26","1038265.704","12028608.0","107426.71","7535851.0","35629.54","3558778.0","20991.0","3768297.0","52640.85","5226872.0","31758.59","3241002.0","73489.78","102.012679"
"2023-07-03","949492.6883","4755630.0","44173.01","6211399.0","34228.22","3198989.0","18449.63","6674779.0","98910.96","6245347.0","37000.46","3558729.0","76223.48","97.969621"
"2023-07-10","990332.9244","5857619.0","50532.34","13535965.0","66884.69","2577584.0","14925.28","2998352.0","40051.32","2512938.0","17222.58","4083593.0","96859.01","96.685569"
"2023-07-17","1016015.803","14026651.0","121370.02","3920195.0","19275.96","10134913.0","55192.33","7092103.0","95588.3","3210244.0","22222.78","7844149.0","173467.67","100.101478"
"2023-07-24","959919.7806","7946316.0","72157.33","4661161.0","25896.07","4790073.0","30045.69","3031327.0","41195.1","9696426.0","58413.37","7235784.0","160518.15","94.028385"
"2023-07-31","927369.2539","5982540.0","50427.45","4743771.0","23635.09","6556595.0","36477.9","4749444.0","67156.31","6073312.0","38907.51","7313750.0","164405.58","89.76036"
"2023-08-07","978591.9442","7460669.0","62182.92","3305899.0","15893.92","4204049.0","25240.22","3955086.0","56585.39","7721416.0","43523.99","5570473.0","113844.11","87.543351"
"2023-08-14","908939.8372","3757666.0","34688.96","4115986.0","21788.92","4394592.0","28548.77","5304240.0","73151.92","4537293.0","28245.77","5360623.0","100316.18","92.1631"
"2023-08-21","890931.818","6979462.0","58257.67","3403512.0","15650.07","2826529.0","16474.98","9401373.0","124894.94","3298963.0","20521.05","6634009.0","147857.85","87.578196"
"2023-08-28","967653.8314","9415078.0","85025.77","6513640.0","33290.43","2959846.0","18903.36","4932810.0","68546.04","3700317.0","21505.39","7081813.0","147240.92","94.10229"
"2023-09-04","896094.3188","7734575.0","68820.9","8225230.0","39280.92","3950442.0","21765.82","3837849.0","50077.57","2204854.0","13596.94","7374483.0","170108.96","92.050212"
"2023-09-11","905728.3944","5374965.0","52040.55","4393367.0","22666.66","2648781.0","15961.9","3017208.0","41593.89","6730836.0","36599.55","5136580.0","118678.61","89.691752"
"2023-09-18","856100.4603","8777342.0","76222.53","4526521.0","21058.7","4839172.0","28175.79","4895463.0","69474.77","2547588.0","15121.12","4001278.0","90136.5","88.485439"
"2023-09-25","877615.4939","8618243.0","75787.22","3284300.0","16493.73","3374157.0","20612.43","5486338.0","82534.41","5010056.0","31100.26","3876577.0","79756.61","91.143119"
"2023-10-02","933235.6897","6735944.0","65043.35","3406508.0","16319.65","4142904.0","25807.84","3884114.0","55643.59","4613245.0","28615.46","6327317.0","128002.47","94.300234"
"2023-10-09","954128.6325","8148015.0","71740.94","2904125.0","15647.53","3603833.0","21279.3","3405549.0","48972.79","3591036.0","22536.86","4873779.0","101017.45","96.017962"
"2023-10-16","994007.8385","14620152.0","149380.26","4564531.0","23844.42","5379699.0","31399.75","7441480.0","102157.93","3605468.0","21856.48","4167401.0","101016.29","88.614852"
"2023-10-23","945798.6041","4756533.0","43711.51","7077905.0","37732.81","2700349.0","15832.3","5346040.0","79283.77","5258168.0","30333.39","3964774.0","91726.37","101.940003"
"2023-10-30","941126.0769","4780751.0","45585.79","6144814.0","31411.11","7165608.0","45028.67","4604170.0","58987.98","3750594.0","23354.46","4673889.0","90599.86","92.820915"
"2023-11-06","933995.8145","8356736.0","70821.95","5713440.0","28118.09","3424589.0","20486.85","6874791.0","100368.85","4313263.0","28687.25","4970192.0","118269.96","91.851662"
"2023-11-13","1006090.685","12131418.0","102667.51","4006598.0","21834.57","6887073.0","38936.32","6583178.0","86990.75","3779294.0","23833.58","5674159.0","110044.26","104.062886"
"2023-11-20","1004533.016","5977000.0","54261.22","9414632.0","47189.06","4339390.0","29689.74","5342994.0","75673.32","2157439.0","11916.4","5488139.0","121529.94","104.070236"
"2023-11-27","1045955.506","4307167.0","39274.64","6921884.0","33324.39","5737943.0","37222.75","4749434.0","59080.93","3362017.0","18805.02","3905296.0","101248.35","104.359775"
"2023-12-04","1062102.334","9219946.0","86597.35","7530383.0","33783.19","2379073.0","13879.82","5854234.0","90186.82","5317439.0","34351.45","6261041.0","125535.62","99.36076"
"2023-12-11","1011732.314","5274140.0","50425.68","6548481.0","33154.43","2844952.0","16130.55","4120035.0","60341.86","3715592.0","21712.23","8139242.0","184127.99","107.807738"
"2023-12-18","1086725.918","5474893.0","48955.52","5918567.0","30168.7","10325452.0","69971.69","6707133.0","95823.89","4324228.0","29328.08","4137334.0","101910.01","104.557563"
"2023-12-25","1033839.035","2577758.0","24528.08","3132437.0","15619.74","3047414.0","19004.13","3205435.0","44024.33","2333991.0","13789.96","5260489.0","115899.97","100.867887"
"2024-01-01","1128474.106","11752451.0","124573.64","7983388.0","39547.67","5039868.0","30699.77","4134287.0","61803.42","2868158.0","17724.17","6117074.0","160215.91","105.15731"
"2024-01-08","1126017.217","7558939.0","69520.72","4865200.0","26476.78","1372976.0","9283.89","5438444.0","77757.53","5440245.0","33555.46","4541075.0","105976.65","104.13625"
"2024-01-15","1163912.741","4402577.0","39593.04","7417639.0","39178.6","6174609.0","40572.99","5179696.0","68500.21","1756945.0","11295.19","5705009.0","125207.67","114.05456"
"2024-01-22","1182533.681","7972479.0","76788.03","2888421.0","15105.45","3504788.0","22324.82","5527515.0","81524.05","4356839.0","25003.59","4920174.0","108873.97","116.30476"
"2024-01-29","1114859.144","4097476.0","39063.57","5020729.0","25523.64","11431015.0","78163.01","3257420.0","50045.91","2612845.0","15708.53","3645405.0","79360.4","108.504328"
"2024-02-05","1148217.933","5345290.0","45099.79","4615761.0","22806.18","6113037.0","38809.89","2923170.0","41243.49","2614675.0","14237.07","6834551.0","141877.08","112.959551"
"2024-02-12","1179039.806","4915315.0","39856.54","8674479.0","43137.92","2393379.0","11870.07","4798997.0","62432.98","2616194.0","17355.49","6792809.0","145524.57","115.947549"
"2024-02-19","1192116.798","4533793.0","40648.94","9345646.0","43677.8","4858616.0","26853.1","3608480.0","57319.13","4814476.0","27690.88","4816847.0","105246.58","110.337691"
"2024-02-26","1160742.817","3140383.0","32989.94","6306611.0","31267.04","2528428.0","15204.65","5250138.0","77514.29","4653779.0","29188.64","6165967.0","125734.38","119.226171"
"2024-03-04","1168592.534","5406581.0","49176.71","2314467.0","12462.52","3109078.0","20604.91","6362766.0","90148.01","5000937.0","31359.82","6046239.0","130658.86","111.770182"
"2024-03-11","1147345.684","5323660.0","47966.94","9174080.0","46550.32","4667889.0","31294.46","3853395.0","53431.46","3875623.0","22507.04","5986995.0","123925.12","110.368389"
"2024-03-18","1141605.909","5490836.0","49760.81","4476979.0","21754.93","2088786.0","13285.83","3105342.0","45492.02","3512767.0","23557.29","8100848.0","167401.54","112.52023"
"2024-03-25","1223094.867","6700732.0","59167.83","8140504.0","40765.62","4327194.0","26997.95","5418819.0","78391.75","6788905.0","38496.59","7319242.0","166264.99","114.223256"
"2024-04-01","1204949.741","3190489.0","30718.24","8260604.0","39659.9","1146172.0","7494.57","5935025.0","77748.51","3444712.0","22743.65","6740911.0","148727.18","111.91611"
"2024-04-08","1184001.858","7206263.0","65389.23","10946011.0","52746.41","5617796.0","36167.72","5493468.0","71032.47","10152637.0","57271.37","2708885.0","63529.55","119.6632"
"2024-04-15","1209262.269","7995246.0","67645.22","8797982.0","44659.34","4189354.0","27379.4","5061995.0","66747.28","3280411.0","20266.77","5938029.0","129125.79","114.18287"
"2024-04-22","1183147.562","5284791.0","52172.89","8674764.0","45727.11","11037476.0","68037.38","4338807.0","59733.01","4555672.0","26827.52","7431899.0","175218.67","107.662253"
"2024-04-29","1133555.125","7346684.0","67518.1","4555386.0","24692.66","5992693.0","34635.89","7764581.0","117084.27","3695606.0","22465.97","3832001.0","78892.31","113.818644"
"2024-05-06","1131708.514","6038244.0","53797.35","3760939.0","18905.1","3020713.0","16828.52","9006024.0","130130.04","2305251.0","12630.73","4278370.0","102497.28","105.669733"
"2024-05-13","1193522.107","11527374.0","104141.75","4179656.0","20502.91","2152309.0","15341.33","5275972.0","73637.07","2357164.0","13837.83","4229592.0","104612.37","116.396413"
"2024-05-20","1114483.579","8915849.0","80540.17","5658284.0","25921.37","4030304.0","23223.61","9956962.0","132653.88","3833127.0","22213.03","4678960.0","104886.58","104.25436"
"2024-05-27","1130747.513","7496095.0","73615.75","1663996.0","8514.57","2872071.0","16691.66","4765473.0","67198.92","2965945.0","17851.23","5321922.0","109099.22","106.011173"
"2024-06-03","994117.825","3871694.0","34396.86","4286272.0","21603.89","3829234.0","21844.89","4130214.0","56785.02","3952185.0","24361.33","8987591.0","207110.14","107.250917"
"2024-06-10","1078097.12","6136775.0","55632.5","7733495.0","34661.67","5738742.0","33913.37","5857908.0","77106.24","2861094.0","17325.99","4504933.0","98826.47","102.043909"
"2024-06-17","1047720.143","8044433.0","70952.2","4598154.0","23103.21","3276375.0","19852.27","3223949.0","46027.57","5518204.0","32696.67","7107728.0","160837.13","99.890144"
"2024-06-24","1030207.003","8318397.0","77553.65","4209525.0","20681.64","7195158.0","38910.42","5345056.0","77968.49","5221333.0","32632.18","4809798.0","103465.06","103.538322"
"2024-07-01","1013554.287","5644482.0","54606.08","9461374.0","48205.49","5267989.0","34326.31","5308183.0","71241.43","4211414.0","24155.52","5697627.0","123732.94","95.020493"
"2024-07-08","998525.2991","13213023.0","112478.1","15402457.0","69521.83","3696209.0","23965.89","8917566.0","115097.94","4653164.0","30055.88","6210397.0","125786.46","104.224872"
"2024-07-15","974339.0178","8076669.0","65687.79","6631047.0","32481.3","9702363.0","55301.65","4171086.0","54948.63","3728571.0","20819.36","4344149.0","79979.87","93.772204"
"2024-07-22","954227.8401","5050477.0","45171.37","3546055.0","15330.13","2963029.0","17890.28","4028401.0","54577.52","3584848.0","19370.76","3986170.0","101187.23","92.896827"
"2024-07-29","999288.6538","4622270.0","44609.86","8020676.0","40753.0","3195487.0","20027.43","2788639.0","38556.28","7311296.0","42565.58","5788804.0","145995.44","96.428049"
"2024-08-05","918332.3306","7908078.0","67704.14","4813950.0","22191.16","4488713.0","27491.03","4316495.0","56596.46","6905890.0","37946.81","3993660.0","88726.22","87.376978"
"2024-08-12","932383.43","7930989.0","74814.32","4484430.0","22503.28","4926328.0","31183.59","3899103.0","55409.16","5976626.0","36480.25","7498798.0","149741.51","95.508325"
"2024-08-19","954544.6956","12030569.0","117936.31","6951556.0","33528.06","7144861.0","45901.87","3592522.0","49048.21","13287723.0","80102.66","4728722.0","100847.57","92.167845"
"2024-08-26","961882.9162","6210498.0","53120.57","6788571.0","33779.77","3248060.0","18649.68","4415271.0","68542.12","2567773.0","14812.69","6114441.0","135154.61","96.084202"
"2024-09-02","957812.0627","10010425.0","82860.58","6419853.0","33167.08","6405110.0","34875.34","4642188.0","74056.26","2759345.0","17723.24","5096105.0","111783.44","94.14693"
"2024-09-09","916325.6511","3776133.0","33814.31","9128678.0","44085.51","3859244.0","24147.41","7204126.0","91683.32","4729893.0","28428.95","6071718.0","136505.15","98.17471"
"2024-09-16","926668.8692","5459482.0","45895.0","7117247.0","35543.88","3662242.0","23251.95","4383020.0","59299.12","3133044.0","17356.69","3796269.0","83065.09","91.144415"
"2024-09-23","945078.2379","6555546.0","59741.3","4213059.0","20475.62","8670356.0","51602.34","5135062.0","77044.17","3717481.0","23283.58","4416230.0","99010.56","98.261914"
"2024-09-30","961744.909","8698607.0","76115.18","2649618.0","12848.98","2837120.0","15463.36","2978298.0","41547.91","2757114.0","17171.97","4517908.0","94549.62","95.566436"
"2024-10-07","951647.127","7299935.0","66475.84","6862443.0","34874.17","7746197.0","46351.24","4938450.0","63523.42","4219283.0","24433.16","9783803.0","202582.68","94.158157"
"2024-10-14","936838.3737","4351494.0","39091.11","3158562.0","17877.93","3951126.0","24095.17","4406874.0","65723.95","4650753.0","28063.02","6503340.0","150367.41","97.890286"
"2024-10-21","971340.1387","8662782.0","83258.76","5919441.0","30828.63","5103934.0","29384.78","5160461.0","73211.07","2947432.0","18233.66","6897787.0","141896.04","94.872247"
"2024-10-28","951077.5443","11317775.0","96313.6","6560830.0","28503.63","5679259.0","32235.53","2976618.0","36931.22","2571045.0","14060.15","5568328.0","124761.56","96.675946"
"2024-11-04","1017863.269","11402372.0","105437.2","3298293.0","16691.7","3266078.0","20309.2","6588531.0","87133.81","3619724.0","22306.02","4604039.0","101465.85","98.065889"
"2024-11-11","1033979.805","6381813.0","63747.16","3812594.0","20941.06","11869337.0","67704.22","7508471.0","105603.24","3518000.0","22627.9","5308369.0","127794.27","102.208568"
"2024-11-18","1056729.246","13454682.0","120043.1","5278754.0","27993.55","1500359.0","8967.66","4236343.0","62579.74","4963881.0","30881.32","6528916.0","152799.7","102.379148"
"2024-11-25","1036066.25","8652569.0","70916.36","5777117.0","28918.42","7064091.0","45280.48","6374712.0","87187.56","750585.0","4296.81","6819087.0","140218.84","95.730018"
"2024-12-02","1020387.951","7274853.0","64342.22","4427461.0","22715.7","3825313.0","22162.2","5238421.0","68730.51","5174591.0","30291.26","6007756.0","130278.22","111.448024"
"2024-12-09","1067920.803","6355337.0","57942.7","4314259.0","21426.78","6203453.0","39169.48","4138049.0","57908.56","2504510.0","13940.78","6304736.0","132216.07","114.081407"
"2024-12-16","1052086.458","5143362.0","44134.69","6485309.0","32529.52","2228224.0","12586.63","5493302.0","70731.19","4024091.0","25797.28","3751297.0","82893.84","106.075601"
"2024-12-23","1063833.625","5532006.0","51156.49","4633491.0","22372.02","4205010.0","25739.08","3689832.0","51413.06","4969790.0","30605.39","2990425.0","77279.11","113.420665"
"2024-12-30","1121345.633","5906588.0","58034.61","10087469.0","51698.81","2707667.0","16040.35","5463061.0","73697.3","3370613.0","20030.86","5611250.0","124822.57","113.71002"
"2025-01-06","1138136.472","5604914.0","49589.28","6892769.0","36303.19","3089226.0","18576.55","6568310.0","82122.98","7027525.0","43543.66","5581599.0","121067.1","111.116668"
"2025-01-13","1189850.483","6100481.0","56838.47","5931816.0","31023.58","4549892.0","28364.13","4682080.0","64638.91","2909065.0","17703.41","3250374.0","66598.66","113.265559"
"2025-01-20","1139144.874","3030490.0","26231.82","5939622.0","30174.02","1574775.0","11230.83","3914687.0","55335.05","3189962.0","21102.86","4181793.0","93144.98","119.530112"
"2025-01-27","1170575.593","9325177.0","80325.16","5178140.0","26126.94","3209788.0","20361.56","4701151.0","60405.73","7261378.0","41121.69","3702955.0","87604.28","109.868783"
"2025-02-03","1170821.434","3238720.0","30951.23","4561741.0","20495.71","2901901.0","18539.07","4044338.0","57440.88","3381390.0","21445.94","7290694.0","178246.15","120.492768"
"2025-02-10","1146292.415","6330492.0","60422.23","4472677.0","20706.78","1509065.0","9938.67","3943976.0","55139.4","3134236.0","19798.48","9285969.0","202644.23","122.999784"
"2025-02-17","1192651.268","6644751.0","58878.83","6037198.0","27137.07","6060801.0","40794.64","5102232.0","81860.91","3909800.0","24815.97","4351306.0","100372.89","116.085868"
"2025-02-24","1207582.692","5883216.0","54343.73","7552855.0","41409.98","4578251.0","26597.29","5698808.0","87424.98","5310428.0","30144.88","3506836.0","79645.84","125.007802"
"2025-03-03","1302079.662","8949731.0","77076.82","8557275.0","41224.32","5702728.0","34862.1","6172493.0","84360.51","3091132.0","17907.64","5129554.0","118735.26","122.60537"
"2025-03-10","1199529.584","9437519.0","76322.14","2057797.0","10829.96","4460817.0","31075.39","2877357.0","39394.78","3644147.0","21811.01","3921737.0","84444.05","123.958266"
"2025-03-17","1243804.949","8240563.0","68656.08","12873263.0","67787.38","7841801.0","45608.18","7189845.0","106566.13","6048154.0","37881.72","5652706.0","122637.22","119.171323"
"2025-03-24","1192175.746","7548808.0","74458.24","5828953.0","29892.45","3032713.0","20987.1","4767880.0","67761.02","10840786.0","61200.25","3614932.0","71791.16","115.213719"
"2025-03-31","1177420.361","4946606.0","44738.93","13795446.0","70535.02","5249737.0","31455.0","2313496.0","29920.61","5292768.0","28264.29","8225820.0","202156.48","117.491675"
"2025-04-07","1227479.182","8954697.0","82280.06","3374093.0","16838.47","4799397.0","29437.8","7888889.0","117540.04","6044391.0","43780.34","5151361.0","113055.63","109.441157"
"2025-04-14","1188166.063","4429029.0","39080.7","5109629.0","25581.42","2170084.0","12714.26","6285794.0","82056.9","2498214.0","15595.11","6341899.0","138943.28","114.496916"
"2025-04-21","1205133.819","6250520.0","62009.33","2952956.0","16153.12","5124703.0","29298.53","6867688.0","98390.76","4247612.0","26503.38","4887532.0","132348.79","119.671636"
"2025-04-28","1109619.545","4268049.0","37758.89","5252526.0","27542.03","3816337.0","21234.73","5685271.0","77318.0","4562732.0","27244.81","4811629.0","91952.37","112.67709"
"2025-05-05","1206927.787","8461806.0","73158.5","3666418.0","17509.46","2173203.0","12477.98","4268206.0","55982.44","3821598.0","23280.05","9116787.0","197463.13","116.56768"
"2025-05-12","1105592.489","4450762.0","40534.73","8228802.0","39669.72","12092791.0","74080.63","3841324.0","54984.06","2894112.0","17386.5","4119622.0","97264.08","122.017982"
"2025-05-19","1157333.128","9281195.0","82067.59","7233112.0","36349.83","6513466.0","43048.92","6969170.0","93787.82","2791027.0","16436.29","4681598.0","105396.78","110.552101"
"2025-05-26","1156058.517","3342444.0","30499.03","3327491.0","17383.29","4390859.0","26566.7","6367131.0","82223.61","3331477.0","20854.66","5931551.0","129224.6","112.761191"
"2025-06-02","1037587.793","3748454.0","35645.93","8211747.0","40922.91","4729599.0","27827.63","4010373.0","49451.02","1725845.0","10328.78","4924466.0","114104.37","103.952738"
"2025-06-09","1064365.131","5415182.0","51848.82","5135816.0","28292.73","5067086.0","30011.77","6015727.0","82608.58","4457684.0","29083.58","5601212.0","134104.86","112.554909"
"2025-06-16","1075646.439","6731970.0","58491.67","5449316.0","25487.37","8023328.0","52596.68","4660172.0","59348.19","1645333.0","9628.81","6237687.0","138090.23","111.211269"
"2025-06-23","1051073.058","11075338.0","90722.73","6696359.0","33463.66","4737606.0","28074.05","5533428.0","80292.93","2466795.0","14291.97","5931937.0","141341.36","103.548741"
"2025-06-30","972839.2251","6644537.0","59104.48","5738085.0","29886.05","3068937.0","18808.03","7221508.0","101252.28","4685480.0","32202.99","4245384.0","90956.62","101.049322"
"2025-07-07","1003662.51","7713219.0","70000.84","2854246.0","13924.97","4968244.0","26750.18","4726507.0","59861.04","3692147.0","22426.27","3321464.0","72437.87","101.94632"
"2025-07-14","940897.3114","4603504.0","39107.47","5253577.0","26472.95","7071928.0","41331.82","3530710.0","44784.11","4861797.0","26658.53","4034241.0","79743.1","97.582229"
"2025-07-21","995318.3116","5908367.0","49680.56","5683687.0","28664.88","2103719.0","12517.69","4056730.0","56924.03","3584183.0","21735.88","5731156.0","127621.91","103.736799"
"2025-07-28","931489.3625","4707405.0","41087.69","3148699.0","16602.35","3001200.0","16796.37","3718296.0","48288.78","6569052.0","40597.04","4812465.0","104094.96","104.854395"
"2025-08-04","1002840.645","5203467.0","52165.52","5911101.0","28974.98","4221269.0","22609.97","3949938.0","54041.65","4784521.0","28416.33","4211437.0","98123.59","100.338825"
"2025-08-11","929427.7399","6006525.0","57692.84","8283754.0","39767.44","3600470.0","20336.0","7626334.0","105035.42","3449559.0","19238.44","4240679.0","108103.31","91.987795"
"2025-08-18","968919.9811","4664337.0","43776.59","9183707.0","45136.81","13551636.0","83319.57","3780610.0","57758.42","3495860.0","21229.05","6040039.0","138556.94","105.105957"
"2025-08-25","967798.3019","6983793.0","65895.26","2609994.0","12280.19","4154679.0","24592.34","2942200.0","42532.45","7251016.0","44741.66","5106550.0","108519.75","100.311729"
"2025-09-01","947062.6951","7661387.0","70741.94","10281400.0","51914.13","12795251.0","74207.33","7613059.0","102983.05","7813804.0","42274.08","5700156.0","127630.72","99.149886"
"2025-09-08","927362.3016","3072313.0","28171.57","6043386.0","27227.9","5487638.0","34420.17","5852135.0","82187.38","1759639.0","11498.97","5407746.0","114564.58","91.77486"
"2025-09-15","963587.7753","4014079.0","35520.95","3378836.0","17652.73","2471520.0","13681.65","4792806.0","61950.64","2752237.0","18406.73","5648908.0","122768.92","97.934594"
"2025-09-22","902758.5259","4656422.0","41781.97","3455522.0","17120.27","4896894.0","33196.86","7864753.0","109241.56","4123587.0","24759.51","6960944.0","151874.99","98.895198"
"2025-09-29","944118.3204","5403217.0","45333.98","5437843.0","25787.94","2447260.0","15209.41","6253473.0","81963.99","2597327.0","14304.91","4060864.0","83573.03","99.637513"
"2025-10-06","1007947.721","5654400.0","55309.08","8833161.0","46840.36","13392827.0","86500.64","6688640.0","86266.11","6944334.0","43704.6","7071838.0","165194.91","102.184444"
"2025-10-13","976472.1368","5954089.0","57935.85","5529631.0","31545.17","2683247.0","16372.47","3589894.0","53603.08","13903039.0","82287.05","3369799.0","77053.2","97.303827"
"2025-10-20","910213.0761","4020709.0","37596.37","1606572.0","8621.6","2699672.0","16647.2","4572630.0","68795.98","2166727.0","13709.88","3595458.0","75522.65","99.678925"
"2025-10-27","961369.6136","4985011.0","49598.74","5778459.0","26920.42","8041273.0","48534.74","6257271.0","98033.72","2289630.0","12957.52","7085447.0","155426.97","99.648502"
"2025-11-03","1002899.245","4111562.0","43307.3","4704031.0","23053.52","4486520.0","25997.25","5257277.0","76875.55","1685309.0","10099.95","3403549.0","80897.79","102.947402"
"2025-11-10","1034839.204","8763887.0","81548.15","4072784.0","22898.34","2053554.0","12944.95","5301006.0","71759.83","2267620.0","13511.79","7141604.0","160479.64","97.839759"
"2025-11-17","1058085.79","5373904.0","50990.09","8147919.0","39638.62","9762956.0","57539.13","4583078.0","68883.86","1529829.0","9607.93","5824030.0","122751.97","110.317398"
"2025-11-24","1052074.608","4985632.0","43313.91","4392041.0","21758.77","4962999.0","33859.94","4499296.0","63631.57","4141384.0","22407.13","4537961.0","108162.34","109.782819"
"2025-12-01","1074095.165","11102433.0","109819.89","2859158.0","14831.05","6133775.0","36308.29","4178347.0","57354.67","2278216.0","13017.35","4203901.0","96584.72","112.371224"
"2025-12-08","1087492.041","5098417.0","44789.61","3744953.0","19361.86","2877643.0","16633.4","5109879.0","65314.84","3399762.0","22240.92","9463519.0","183131.76","110.167595"
"2025-12-15","1083995.947","3553738.0","30218.31","5712965.0","27978.79","4571613.0","26986.23","4242639.0","55230.53","2488159.0","14960.16","3316864.0","82072.14","113.416745"
"2025-12-22","1117860.933","5177490.0","48418.06","4913166.0","23405.91","10830762.0","63267.5","8045426.0","116897.91","2774763.0","18696.98","9340582.0","198235.88","111.728542"
"2025-12-29","1186415.981","4355342.0","43185.3","4015894.0","21977.93","1965510.0","11622.57","8267789.0","128549.22","2854987.0","16267.04","3938121.0","100706.08","121.413335"
"2026-01-05","1153846.033","5559937.875","49811.53","6786205.443","36320.99","3119994.585","19115.69","6467506.467","83555.73","7029294.868","43628.72","5688684.302","126280.69","111.524115"
"2026-01-12","1242434.298","6004146.896","55905.19","5871677.984","30564.2","4565315.741","28568.88","4629820.61","63501.64","2875286.314","16957.86","3373623.636","67890.45","114.423475"
"2026-01-19","1109911.167","3143887.947","26871.06","6105099.918","30127.84","1614990.216","10880.98","3921350.805","54878.74","3162436.67","20395.35","4134811.792","93225.73","121.111307"
"2026-01-26","1146890.512","9309252.09","80610.46","5067454.971","25354.26","3295572.342","20520.32","4717413.454","61901.14","7344474.669","41754.62","3651692.288","90425.28","110.142908"
"2026-02-02","1220935.2","3357531.714","30844.06","4693752.305","20130.82","2946202.54","18960.37","3885305.014","57218.47","3452350.095","21755.87","7044968.655","174293.22","122.408261"
"2026-02-09","1182985.603","6351956.373","62509.23","4476223.123","20905.6","1510952.495","9545.88","4004417.0","55649.54","3053533.424","19160.44","9287084.383","197733.51","120.917704"
"2026-02-16","1183094.175","6518864.869","58939.54","6112008.07","26910.7","5978336.529","40800.43","4991386.874","85272.21","3993602.949","24382.38","4270960.534","99488.53","116.433477"
"2026-02-23","1193861.448","5924165.044","54366.38","7687748.152","41079.98","4537606.154","26521.58","5870226.73","90542.25","5301071.588","30596.61","3354316.622","77438.42","124.717193"
"2026-03-02","1321112.846","9032920.543","82072.69","8419349.558","40021.57","5743404.945","34439.5","6057402.195","87473.16","3169989.939","17916.33","4998849.566","117557.44","125.147936"
"2026-03-09","1203455.953","9750219.502","76702.68","2087117.445","10641.7","4459092.514","30636.01","2997494.427","38424.32","3593669.856","22552.59","3826369.428","86303.54","125.784333"
"2026-03-16","1232303.431","8191414.454","68101.5","12707623.32","68414.09","7863811.854","45563.4","7326314.914","108044.42","5966320.735","38063.16","5571278.37","121685.07","117.287195"
"2026-03-23","1199558.639","7694414.161","72274.35","5920220.893","29559.7","2935510.396","20389.18","4701299.169","68914.53","11004597.06","60642.7","3633597.844","72467.01","111.852694"
"2026-03-30","1181250.092","4848905.755","44357.93","13752044.92","72284.17","5212934.299","32127.22","2391099.27","28571.82","5322050.822","27905.14","8076790.103","205234.29","116.148673"
